<?xml version="1.0" encoding="UTF-8"?>
<GenRun Id="impl_1" LaunchPart="xc7a35tcpg236-1" LaunchTime="1729073320">
  <File Type="ROUTE-PWR" Name="picture2pixel_power_routed.rpt"/>
  <File Type="PA-TCL" Name="picture2pixel.tcl"/>
  <File Type="BITSTR-BMM" Name="picture2pixel_bd.bmm"/>
  <File Type="ROUTE-PWR-SUM" Name="picture2pixel_power_summary_routed.pb"/>
  <File Type="REPORTS-TCL" Name="picture2pixel_reports.tcl"/>
  <File Type="OPT-DCP" Name="picture2pixel_opt.dcp"/>
  <File Type="OPT-DRC" Name="picture2pixel_drc_opted.rpt"/>
  <File Type="OPT-HWDEF" Name="picture2pixel.hwdef"/>
  <File Type="PWROPT-DCP" Name="picture2pixel_pwropt.dcp"/>
  <File Type="PLACE-DCP" Name="picture2pixel_placed.dcp"/>
  <File Type="PLACE-IO" Name="picture2pixel_io_placed.rpt"/>
  <File Type="PLACE-UTIL" Name="picture2pixel_utilization_placed.rpt"/>
  <File Type="PLACE-UTIL-PB" Name="picture2pixel_utilization_placed.pb"/>
  <File Type="PLACE-CTRL" Name="picture2pixel_control_sets_placed.rpt"/>
  <File Type="PLACE-PRE-SIMILARITY" Name="picture2pixel_incremental_reuse_pre_placed.rpt"/>
  <File Type="BG-BGN" Name="picture2pixel.bgn"/>
  <File Type="POSTPLACE-PWROPT-DCP" Name="picture2pixel_postplace_pwropt.dcp"/>
  <File Type="BG-BIN" Name="picture2pixel.bin"/>
  <File Type="PHYSOPT-DCP" Name="picture2pixel_physopt.dcp"/>
  <File Type="BITSTR-MSK" Name="picture2pixel.msk"/>
  <File Type="ROUTE-ERROR-DCP" Name="picture2pixel_routed_error.dcp"/>
  <File Type="ROUTE-DCP" Name="picture2pixel_routed.dcp"/>
  <File Type="ROUTE-BLACKBOX-DCP" Name="picture2pixel_routed_bb.dcp"/>
  <File Type="ROUTE-DRC" Name="picture2pixel_drc_routed.rpt"/>
  <File Type="ROUTE-DRC-PB" Name="picture2pixel_drc_routed.pb"/>
  <File Type="ROUTE-DRC-RPX" Name="picture2pixel_drc_routed.rpx"/>
  <File Type="BITSTR-LTX" Name="picture2pixel.ltx"/>
  <File Type="ROUTE-METHODOLOGY-DRC" Name="picture2pixel_methodology_drc_routed.rpt"/>
  <File Type="BITSTR-MMI" Name="picture2pixel.mmi"/>
  <File Type="ROUTE-METHODOLOGY-DRC-RPX" Name="picture2pixel_methodology_drc_routed.rpx"/>
  <File Type="ROUTE-METHODOLOGY-DRC-PB" Name="picture2pixel_methodology_drc_routed.pb"/>
  <File Type="BITSTR-SYSDEF" Name="picture2pixel.sysdef"/>
  <File Type="ROUTE-PWR-RPX" Name="picture2pixel_power_routed.rpx"/>
  <File Type="ROUTE-STATUS" Name="picture2pixel_route_status.rpt"/>
  <File Type="ROUTE-STATUS-PB" Name="picture2pixel_route_status.pb"/>
  <File Type="ROUTE-TIMINGSUMMARY" Name="picture2pixel_timing_summary_routed.rpt"/>
  <File Type="ROUTE-TIMING-PB" Name="picture2pixel_timing_summary_routed.pb"/>
  <File Type="ROUTE-TIMING-RPX" Name="picture2pixel_timing_summary_routed.rpx"/>
  <File Type="ROUTE-CLK" Name="picture2pixel_clock_utilization_routed.rpt"/>
  <File Type="ROUTE-BUS-SKEW" Name="picture2pixel_bus_skew_routed.rpt"/>
  <File Type="ROUTE-BUS-SKEW-PB" Name="picture2pixel_bus_skew_routed.pb"/>
  <File Type="ROUTE-BUS-SKEW-RPX" Name="picture2pixel_bus_skew_routed.rpx"/>
  <File Type="POSTROUTE-PHYSOPT-DCP" Name="picture2pixel_postroute_physopt.dcp"/>
  <File Type="POSTROUTE-PHYSOPT-BLACKBOX-DCP" Name="picture2pixel_postroute_physopt_bb.dcp"/>
  <File Type="BG-BIT" Name="picture2pixel.bit"/>
  <File Type="BITSTR-RBT" Name="picture2pixel.rbt"/>
  <File Type="BITSTR-NKY" Name="picture2pixel.nky"/>
  <File Type="BG-DRC" Name="picture2pixel.drc"/>
  <File Type="RDI-RDI" Name="picture2pixel.vdi"/>
  <File Type="WBT-USG" Name="usage_statistics_webtalk.html"/>
  <FileSet Name="sources" Type="DesignSrcs" RelSrcDir="$PSRCDIR/sources_1">
    <Filter Type="Srcs"/>
    <File Path="$PSRCDIR/sources_1/imports/Desktop/Oled_Display.v">
      <FileInfo>
        <Attr Name="ImportPath" Val="D:/../MODS.srcs/sources_1/imports/Desktop/Oled_Display.v"/>
        <Attr Name="ImportTime" Val="1677398246"/>
        <Attr Name="UsedIn" Val="synthesis"/>
        <Attr Name="UsedIn" Val="implementation"/>
        <Attr Name="UsedIn" Val="simulation"/>
      </FileInfo>
    </File>
    <File Path="$PSRCDIR/sources_1/new/flexible_clock_signal.v">
      <FileInfo>
        <Attr Name="ImportPath" Val="D:/Coding_Workspace/Verilog/MODS/MODS.srcs/sources_1/new/flexible_clock_signal.v"/>
        <Attr Name="ImportTime" Val="1716024961"/>
        <Attr Name="UsedIn" Val="synthesis"/>
        <Attr Name="UsedIn" Val="implementation"/>
        <Attr Name="UsedIn" Val="simulation"/>
      </FileInfo>
    </File>
    <File Path="$PSRCDIR/sources_1/new/menu_display.v">
      <FileInfo>
        <Attr Name="ImportPath" Val="$PPRDIR/../../../../../../../../Downloads/skeleton/MODS/MODS.srcs/sources_1/new/menu_display.v"/>
        <Attr Name="ImportTime" Val="1729068189"/>
        <Attr Name="UsedIn" Val="synthesis"/>
        <Attr Name="UsedIn" Val="implementation"/>
        <Attr Name="UsedIn" Val="simulation"/>
      </FileInfo>
    </File>
    <File Path="$PSRCDIR/sources_1/new/picture2pixel.v">
      <FileInfo>
        <Attr Name="ImportPath" Val="D:/Coding_Workspace/Verilog/MODS/MODS.srcs/sources_1/new/picture2pixel.v"/>
        <Attr Name="ImportTime" Val="1716624844"/>
        <Attr Name="UsedIn" Val="synthesis"/>
        <Attr Name="UsedIn" Val="implementation"/>
        <Attr Name="UsedIn" Val="simulation"/>
      </FileInfo>
    </File>
    <File Path="$PSRCDIR/sources_1/imports/MouseAudioDisplay/archive_project_summary.txt">
      <FileInfo>
        <Attr Name="ImportPath" Val="D:/../../MouseAudioDisplay/archive_project_summary.txt"/>
        <Attr Name="ImportTime" Val="1677398648"/>
      </FileInfo>
    </File>
    <File Path="$PSRCDIR/sources_1/imports/res/weights.coe">
      <FileInfo>
        <Attr Name="ImportPath" Val="D:/../res/weights.coe"/>
        <Attr Name="ImportTime" Val="1677159677"/>
        <Attr Name="UsedIn" Val="synthesis"/>
        <Attr Name="UsedIn" Val="simulation"/>
      </FileInfo>
    </File>
    <File Path="$PSRCDIR/sources_1/imports/res/00.coe">
      <FileInfo>
        <Attr Name="ImportPath" Val="D:/../res/00.coe"/>
        <Attr Name="ImportTime" Val="1677159677"/>
        <Attr Name="UsedIn" Val="synthesis"/>
        <Attr Name="UsedIn" Val="simulation"/>
      </FileInfo>
    </File>
    <File Path="$PSRCDIR/sources_1/imports/MODS/archive_project_summary.txt">
      <FileInfo>
        <Attr Name="ImportPath" Val="D:/Coding_Workspace/Verilog/MODS/archive_project_summary.txt"/>
        <Attr Name="ImportTime" Val="1709183388"/>
      </FileInfo>
    </File>
    <File Path="$PPRDIR/../../../../../../../../../archive_project_summary.txt"/>
    <File Path="$PPRDIR/../../../../../../../../Downloads/skeleton/MODS/archive_project_summary.txt"/>
    <Config>
      <Option Name="DesignMode" Val="RTL"/>
      <Option Name="TopModule" Val="picture2pixel"/>
    </Config>
  </FileSet>
  <FileSet Name="constrs_in" Type="Constrs" RelSrcDir="$PSRCDIR/constrs_1">
    <Filter Type="Constrs"/>
    <File Path="$PSRCDIR/constrs_1/new/pmod_oled.xdc">
      <FileInfo>
        <Attr Name="ImportPath" Val="D:/Coding_Workspace/Verilog/MODS/MODS.srcs/constrs_1/new/pmod_oled.xdc"/>
        <Attr Name="ImportTime" Val="1716024954"/>
        <Attr Name="UsedIn" Val="synthesis"/>
        <Attr Name="UsedIn" Val="implementation"/>
      </FileInfo>
    </File>
    <Config>
      <Option Name="ConstrsType" Val="XDC"/>
    </Config>
  </FileSet>
  <Strategy Version="1" Minor="2">
    <StratHandle Name="Vivado Implementation Defaults" Flow="Vivado Implementation 2018"/>
    <Step Id="init_design"/>
    <Step Id="opt_design"/>
    <Step Id="power_opt_design"/>
    <Step Id="place_design"/>
    <Step Id="post_place_power_opt_design"/>
    <Step Id="phys_opt_design"/>
    <Step Id="route_design"/>
    <Step Id="post_route_phys_opt_design"/>
    <Step Id="write_bitstream"/>
  </Strategy>
</GenRun>
